DatGeracaoConjuntoDados;DscREH;SigAgente;NumCNPJDistribuidora;DatInicioVigencia;DatFimVigencia;DscBaseTarifaria;DscSubGrupo;DscModalidadeTarifaria;DscClasse;DscSubClasse;DscDetalhe;NomPostoTarifario;DscUnidadeTerciaria;SigAgenteAcessante;VlrTUSD;VlrTE
2026-03-11;RESOLUÇĂO HOMOLOGATÓRIA Nş 3.511, DE 19 DE AGOSTO DE 2025;CELESC;08336783000190;2026-01-01;2026-08-21;Tarifa de Aplicaçăo;A4;Azul;Năo se aplica;Năo se aplica;APE;Fora ponta;kW;Năo se aplica;18,09;,00
2026-03-11;RESOLUÇĂO HOMOLOGATÓRIA Nş 3.511, DE 19 DE AGOSTO DE 2025;CELESC;08336783000190;2026-01-01;2026-08-21;Tarifa de Aplicaçăo;A4;Azul;Năo se aplica;Năo se aplica;APE;Fora ponta;MWh;Năo se aplica;28,21;,00
2026-03-11;RESOLUÇĂO HOMOLOGATÓRIA Nş 3.511, DE 19 DE AGOSTO DE 2025;CELESC;08336783000190;2026-01-01;2026-08-21;Tarifa de Aplicaçăo;A4;Verde;Năo se aplica;Năo se aplica;APE;Fora ponta;MWh;Năo se aplica;28,21;,00
2026-03-11;RESOLUÇĂO HOMOLOGATÓRIA Nş 3.511, DE 19 DE AGOSTO DE 2025;CELESC;08336783000190;2026-01-01;2026-08-21;Tarifa de Aplicaçăo;A4;Verde;Năo se aplica;Năo se aplica;APE;Năo se aplica;kW;Năo se aplica;18,09;,00
2026-03-11;RESOLUÇĂO HOMOLOGATÓRIA Nş 3.511, DE 19 DE AGOSTO DE 2025;CELESC;08336783000190;2026-01-01;2026-08-21;Tarifa de Aplicaçăo;A4;Azul;Năo se aplica;Năo se aplica;APE;Ponta;kW;Năo se aplica;38,06;,00
2026-03-11;RESOLUÇĂO HOMOLOGATÓRIA Nş 3.511, DE 19 DE AGOSTO DE 2025;CELESC;08336783000190;2026-01-01;2026-08-21;Tarifa de Aplicaçăo;A4;Verde;Năo se aplica;Năo se aplica;APE;Ponta;MWh;Năo se aplica;953,26;,00
2026-03-11;RESOLUÇĂO HOMOLOGATÓRIA Nş 3.511, DE 19 DE AGOSTO DE 2025;CELESC;08336783000190;2026-01-01;2026-08-21;Tarifa de Aplicaçăo;A4;Azul;Năo se aplica;Năo se aplica;APE;Ponta;MWh;Năo se aplica;28,21;,00
2026-03-11;RESOLUÇĂO HOMOLOGATÓRIA Nş 3.511, DE 19 DE AGOSTO DE 2025;CELESC;08336783000190;2026-01-01;2026-08-21;Tarifa de Aplicaçăo;A4;Azul;Năo se aplica;Năo se aplica;Năo se aplica;Fora ponta;kW;Năo se aplica;18,09;,00
2026-03-11;RESOLUÇĂO HOMOLOGATÓRIA Nş 3.511, DE 19 DE AGOSTO DE 2025;CELESC;08336783000190;2026-01-01;2026-08-21;Tarifa de Aplicaçăo;A4;Verde;Năo se aplica;Năo se aplica;Năo se aplica;Fora ponta;MWh;Năo se aplica;144,35;301,23
2026-03-11;RESOLUÇĂO HOMOLOGATÓRIA Nş 3.511, DE 19 DE AGOSTO DE 2025;CELESC;08336783000190;2026-01-01;2026-08-21;Tarifa de Aplicaçăo;A4;Azul;Năo se aplica;Năo se aplica;Năo se aplica;Fora ponta;MWh;Năo se aplica;144,35;301,23
2026-03-11;RESOLUÇĂO HOMOLOGATÓRIA Nş 3.511, DE 19 DE AGOSTO DE 2025;CELESC;08336783000190;2026-01-01;2026-08-21;Tarifa de Aplicaçăo;A4;Verde;Năo se aplica;Năo se aplica;Năo se aplica;Năo se aplica;kW;Năo se aplica;18,09;,00
2026-03-11;RESOLUÇĂO HOMOLOGATÓRIA Nş 3.511, DE 19 DE AGOSTO DE 2025;CELESC;08336783000190;2026-01-01;2026-08-21;Tarifa de Aplicaçăo;A4;Azul;Năo se aplica;Năo se aplica;Năo se aplica;Ponta;kW;Năo se aplica;38,06;,00
2026-03-11;RESOLUÇĂO HOMOLOGATÓRIA Nş 3.511, DE 19 DE AGOSTO DE 2025;CELESC;08336783000190;2026-01-01;2026-08-21;Tarifa de Aplicaçăo;A4;Azul;Năo se aplica;Năo se aplica;Năo se aplica;Ponta;MWh;Năo se aplica;144,35;483,63
2026-03-11;RESOLUÇĂO HOMOLOGATÓRIA Nş 3.511, DE 19 DE AGOSTO DE 2025;CELESC;08336783000190;2026-01-01;2026-08-21;Tarifa de Aplicaçăo;A4;Verde;Năo se aplica;Năo se aplica;Năo se aplica;Ponta;MWh;Năo se aplica;1069,41;483,63
2026-03-11;RESOLUÇĂO HOMOLOGATÓRIA Nş 3.511, DE 19 DE AGOSTO DE 2025;CELESC;08336783000190;2026-01-01;2026-08-21;Tarifa de Aplicaçăo;A4;Azul;Năo se aplica;Năo se aplica;SCEE;Fora ponta;MWh;Năo se aplica;144,35;35,86
2026-03-11;RESOLUÇĂO HOMOLOGATÓRIA Nş 3.511, DE 19 DE AGOSTO DE 2025;CELESC;08336783000190;2026-01-01;2026-08-21;Tarifa de Aplicaçăo;A4;Verde;Năo se aplica;Năo se aplica;SCEE;Fora ponta;MWh;Năo se aplica;144,35;35,86
2026-03-11;RESOLUÇĂO HOMOLOGATÓRIA Nş 3.511, DE 19 DE AGOSTO DE 2025;CELESC;08336783000190;2026-01-01;2026-08-21;Tarifa de Aplicaçăo;A4;Verde;Năo se aplica;Năo se aplica;SCEE;Ponta;MWh;Năo se aplica;1069,41;35,86
2026-03-11;RESOLUÇĂO HOMOLOGATÓRIA Nş 3.511, DE 19 DE AGOSTO DE 2025;CELESC;08336783000190;2026-01-01;2026-08-21;Tarifa de Aplicaçăo;A4;Azul;Năo se aplica;Năo se aplica;SCEE;Ponta;MWh;Năo se aplica;144,35;35,86
2026-03-11;RESOLUÇĂO HOMOLOGATÓRIA Nş 3.459, DE 20 DE MAIO DE 2025;CEMIG-D;06981180000116;2026-01-01;2026-05-27;Tarifa de Aplicaçăo;A4;Azul;Năo se aplica;Năo se aplica;APE;Fora ponta;kW;Năo se aplica;22,81;,00
2026-03-11;RESOLUÇĂO HOMOLOGATÓRIA Nş 3.459, DE 20 DE MAIO DE 2025;CEMIG-D;06981180000116;2026-01-01;2026-05-27;Tarifa de Aplicaçăo;A4;Verde;Năo se aplica;Năo se aplica;APE;Fora ponta;MWh;Năo se aplica;41,24;,00
2026-03-11;RESOLUÇĂO HOMOLOGATÓRIA Nş 3.459, DE 20 DE MAIO DE 2025;CEMIG-D;06981180000116;2026-01-01;2026-05-27;Tarifa de Aplicaçăo;A4;Azul;Năo se aplica;Năo se aplica;APE;Fora ponta;MWh;Năo se aplica;41,24;,00
2026-03-11;RESOLUÇĂO HOMOLOGATÓRIA Nş 3.459, DE 20 DE MAIO DE 2025;CEMIG-D;06981180000116;2026-01-01;2026-05-27;Tarifa de Aplicaçăo;A4;Verde;Năo se aplica;Năo se aplica;APE;Năo se aplica;kW;Năo se aplica;22,81;,00
2026-03-11;RESOLUÇĂO HOMOLOGATÓRIA Nş 3.459, DE 20 DE MAIO DE 2025;CEMIG-D;06981180000116;2026-01-01;2026-05-27;Tarifa de Aplicaçăo;A4;Azul;Năo se aplica;Năo se aplica;APE;Ponta;kW;Năo se aplica;68,21;,00
2026-03-11;RESOLUÇĂO HOMOLOGATÓRIA Nş 3.459, DE 20 DE MAIO DE 2025;CEMIG-D;06981180000116;2026-01-01;2026-05-27;Tarifa de Aplicaçăo;A4;Azul;Năo se aplica;Năo se aplica;APE;Ponta;MWh;Năo se aplica;41,24;,00
2026-03-11;RESOLUÇĂO HOMOLOGATÓRIA Nş 3.459, DE 20 DE MAIO DE 2025;CEMIG-D;06981180000116;2026-01-01;2026-05-27;Tarifa de Aplicaçăo;A4;Verde;Năo se aplica;Năo se aplica;APE;Ponta;MWh;Năo se aplica;1697,06;,00
2026-03-11;RESOLUÇĂO HOMOLOGATÓRIA Nş 3.459, DE 20 DE MAIO DE 2025;CEMIG-D;06981180000116;2026-01-01;2026-05-27;Tarifa de Aplicaçăo;A4;Azul;Năo se aplica;Năo se aplica;Năo se aplica;Fora ponta;kW;Năo se aplica;22,81;,00
2026-03-11;RESOLUÇĂO HOMOLOGATÓRIA Nş 3.459, DE 20 DE MAIO DE 2025;CEMIG-D;06981180000116;2026-01-01;2026-05-27;Tarifa de Aplicaçăo;A4;Verde;Năo se aplica;Năo se aplica;Năo se aplica;Fora ponta;MWh;Năo se aplica;153,23;296,77
2026-03-11;RESOLUÇĂO HOMOLOGATÓRIA Nş 3.459, DE 20 DE MAIO DE 2025;CEMIG-D;06981180000116;2026-01-01;2026-05-27;Tarifa de Aplicaçăo;A4;Azul;Năo se aplica;Năo se aplica;Năo se aplica;Fora ponta;MWh;Năo se aplica;153,23;296,77
2026-03-11;RESOLUÇĂO HOMOLOGATÓRIA Nş 3.459, DE 20 DE MAIO DE 2025;CEMIG-D;06981180000116;2026-01-01;2026-05-27;Tarifa de Aplicaçăo;A4;Verde;Năo se aplica;Năo se aplica;Năo se aplica;Năo se aplica;kW;Năo se aplica;22,81;,00
2026-03-11;RESOLUÇĂO HOMOLOGATÓRIA Nş 3.459, DE 20 DE MAIO DE 2025;CEMIG-D;06981180000116;2026-01-01;2026-05-27;Tarifa de Aplicaçăo;A4;Azul;Năo se aplica;Năo se aplica;Năo se aplica;Ponta;kW;Năo se aplica;68,21;,00
2026-03-11;RESOLUÇĂO HOMOLOGATÓRIA Nş 3.459, DE 20 DE MAIO DE 2025;CEMIG-D;06981180000116;2026-01-01;2026-05-27;Tarifa de Aplicaçăo;A4;Azul;Năo se aplica;Năo se aplica;Năo se aplica;Ponta;MWh;Năo se aplica;153,23;475,91
2026-03-11;RESOLUÇĂO HOMOLOGATÓRIA Nş 3.459, DE 20 DE MAIO DE 2025;CEMIG-D;06981180000116;2026-01-01;2026-05-27;Tarifa de Aplicaçăo;A4;Verde;Năo se aplica;Năo se aplica;Năo se aplica;Ponta;MWh;Năo se aplica;1809,05;475,91
2026-03-11;RESOLUÇĂO HOMOLOGATÓRIA Nş 3.459, DE 20 DE MAIO DE 2025;CEMIG-D;06981180000116;2026-01-01;2026-05-27;Tarifa de Aplicaçăo;A4;Azul;Năo se aplica;Năo se aplica;SCEE;Fora ponta;MWh;Năo se aplica;153,23;36,69
2026-03-11;RESOLUÇĂO HOMOLOGATÓRIA Nş 3.459, DE 20 DE MAIO DE 2025;CEMIG-D;06981180000116;2026-01-01;2026-05-27;Tarifa de Aplicaçăo;A4;Verde;Năo se aplica;Năo se aplica;SCEE;Fora ponta;MWh;Năo se aplica;153,23;36,69
2026-03-11;RESOLUÇĂO HOMOLOGATÓRIA Nş 3.459, DE 20 DE MAIO DE 2025;CEMIG-D;06981180000116;2026-01-01;2026-05-27;Tarifa de Aplicaçăo;A4;Azul;Năo se aplica;Năo se aplica;SCEE;Ponta;MWh;Năo se aplica;153,23;36,69
2026-03-11;RESOLUÇĂO HOMOLOGATÓRIA Nş 3.459, DE 20 DE MAIO DE 2025;CEMIG-D;06981180000116;2026-01-01;2026-05-27;Tarifa de Aplicaçăo;A4;Verde;Năo se aplica;Năo se aplica;SCEE;Ponta;MWh;Năo se aplica;1809,05;36,69
2026-03-11;RESOLUÇĂO HOMOLOGATÓRIA Nş 3.446, DE 29 DE ABRIL DE 2025;CERAL ARARUAMA;28610236000169;2026-01-01;2026-04-28;Tarifa de Aplicaçăo;A4;Azul;Năo se aplica;Năo se aplica;APE;Fora ponta;kW;Năo se aplica;82,31;,00
2026-03-11;RESOLUÇĂO HOMOLOGATÓRIA Nş 3.446, DE 29 DE ABRIL DE 2025;CERAL ARARUAMA;28610236000169;2026-01-01;2026-04-28;Tarifa de Aplicaçăo;A4;Verde;Năo se aplica;Năo se aplica;APE;Fora ponta;MWh;Năo se aplica;16,78;,00
2026-03-11;RESOLUÇĂO HOMOLOGATÓRIA Nş 3.446, DE 29 DE ABRIL DE 2025;CERAL ARARUAMA;28610236000169;2026-01-01;2026-04-28;Tarifa de Aplicaçăo;A4;Azul;Năo se aplica;Năo se aplica;APE;Fora ponta;MWh;Năo se aplica;16,78;,00
2026-03-11;RESOLUÇĂO HOMOLOGATÓRIA Nş 3.446, DE 29 DE ABRIL DE 2025;CERAL ARARUAMA;28610236000169;2026-01-01;2026-04-28;Tarifa de Aplicaçăo;A4;Verde;Năo se aplica;Năo se aplica;APE;Năo se aplica;kW;Năo se aplica;82,31;,00
2026-03-11;RESOLUÇĂO HOMOLOGATÓRIA Nş 3.446, DE 29 DE ABRIL DE 2025;CERAL ARARUAMA;28610236000169;2026-01-01;2026-04-28;Tarifa de Aplicaçăo;A4;Azul;Năo se aplica;Năo se aplica;APE;Ponta;kW;Năo se aplica;208,26;,00
2026-03-11;RESOLUÇĂO HOMOLOGATÓRIA Nş 3.446, DE 29 DE ABRIL DE 2025;CERAL ARARUAMA;28610236000169;2026-01-01;2026-04-28;Tarifa de Aplicaçăo;A4;Verde;Năo se aplica;Năo se aplica;APE;Ponta;MWh;Năo se aplica;5025,52;,00
2026-03-11;RESOLUÇĂO HOMOLOGATÓRIA Nş 3.446, DE 29 DE ABRIL DE 2025;CERAL ARARUAMA;28610236000169;2026-01-01;2026-04-28;Tarifa de Aplicaçăo;A4;Azul;Năo se aplica;Năo se aplica;APE;Ponta;MWh;Năo se aplica;16,78;,00
2026-03-11;RESOLUÇĂO HOMOLOGATÓRIA Nş 3.446, DE 29 DE ABRIL DE 2025;CERAL ARARUAMA;28610236000169;2026-01-01;2026-04-28;Tarifa de Aplicaçăo;A4;Azul;Năo se aplica;Năo se aplica;Năo se aplica;Fora ponta;kW;Năo se aplica;82,31;,00
2026-03-11;RESOLUÇĂO HOMOLOGATÓRIA Nş 3.446, DE 29 DE ABRIL DE 2025;CERAL ARARUAMA;28610236000169;2026-01-01;2026-04-28;Tarifa de Aplicaçăo;A4;Azul;Năo se aplica;Năo se aplica;Năo se aplica;Fora ponta;MWh;Năo se aplica;112,65;230,25
2026-03-11;RESOLUÇĂO HOMOLOGATÓRIA Nş 3.446, DE 29 DE ABRIL DE 2025;CERAL ARARUAMA;28610236000169;2026-01-01;2026-04-28;Tarifa de Aplicaçăo;A4;Verde;Năo se aplica;Năo se aplica;Năo se aplica;Fora ponta;MWh;Năo se aplica;112,65;230,25
2026-03-11;RESOLUÇĂO HOMOLOGATÓRIA Nş 3.446, DE 29 DE ABRIL DE 2025;CERAL ARARUAMA;28610236000169;2026-01-01;2026-04-28;Tarifa de Aplicaçăo;A4;Verde;Năo se aplica;Năo se aplica;Năo se aplica;Năo se aplica;kW;Năo se aplica;82,31;,00
2026-03-11;RESOLUÇĂO HOMOLOGATÓRIA Nş 3.446, DE 29 DE ABRIL DE 2025;CERAL ARARUAMA;28610236000169;2026-01-01;2026-04-28;Tarifa de Aplicaçăo;A4;Azul;Năo se aplica;Năo se aplica;Năo se aplica;Ponta;kW;Năo se aplica;208,26;,00
2026-03-11;RESOLUÇĂO HOMOLOGATÓRIA Nş 3.446, DE 29 DE ABRIL DE 2025;CERAL ARARUAMA;28610236000169;2026-01-01;2026-04-28;Tarifa de Aplicaçăo;A4;Verde;Năo se aplica;Năo se aplica;Năo se aplica;Ponta;MWh;Năo se aplica;5121,38;230,25
2026-03-11;RESOLUÇĂO HOMOLOGATÓRIA Nş 3.446, DE 29 DE ABRIL DE 2025;CERAL ARARUAMA;28610236000169;2026-01-01;2026-04-28;Tarifa de Aplicaçăo;A4;Azul;Năo se aplica;Năo se aplica;Năo se aplica;Ponta;MWh;Năo se aplica;112,65;230,25
2026-03-11;RESOLUÇĂO HOMOLOGATÓRIA Nş 3.446, DE 29 DE ABRIL DE 2025;CERAL ARARUAMA;28610236000169;2026-01-01;2026-04-28;Tarifa de Aplicaçăo;A4;Verde;Năo se aplica;Năo se aplica;SCEE;Fora ponta;MWh;Năo se aplica;112,65;28,68
2026-03-11;RESOLUÇĂO HOMOLOGATÓRIA Nş 3.446, DE 29 DE ABRIL DE 2025;CERAL ARARUAMA;28610236000169;2026-01-01;2026-04-28;Tarifa de Aplicaçăo;A4;Azul;Năo se aplica;Năo se aplica;SCEE;Fora ponta;MWh;Năo se aplica;112,65;28,68
2026-03-11;RESOLUÇĂO HOMOLOGATÓRIA Nş 3.446, DE 29 DE ABRIL DE 2025;CERAL ARARUAMA;28610236000169;2026-01-01;2026-04-28;Tarifa de Aplicaçăo;A4;Azul;Năo se aplica;Năo se aplica;SCEE;Ponta;MWh;Năo se aplica;112,65;28,68
2026-03-11;RESOLUÇĂO HOMOLOGATÓRIA Nş 3.446, DE 29 DE ABRIL DE 2025;CERAL ARARUAMA;28610236000169;2026-01-01;2026-04-28;Tarifa de Aplicaçăo;A4;Verde;Năo se aplica;Năo se aplica;SCEE;Ponta;MWh;Năo se aplica;5121,38;28,68
2026-03-11;RESOLUÇĂO HOMOLOGATÓRIA Nş 3.448, DE 29 DE ABRIL DE 2025;CERES;31465487000101;2026-01-01;2026-04-28;Tarifa de Aplicaçăo;A4;Azul;Năo se aplica;Năo se aplica;APE;Fora ponta;kW;Năo se aplica;93,62;,00
2026-03-11;RESOLUÇĂO HOMOLOGATÓRIA Nş 3.448, DE 29 DE ABRIL DE 2025;CERES;31465487000101;2026-01-01;2026-04-28;Tarifa de Aplicaçăo;A4;Verde;Năo se aplica;Năo se aplica;APE;Fora ponta;MWh;Năo se aplica;16,93;,00
2026-03-11;RESOLUÇĂO HOMOLOGATÓRIA Nş 3.448, DE 29 DE ABRIL DE 2025;CERES;31465487000101;2026-01-01;2026-04-28;Tarifa de Aplicaçăo;A4;Azul;Năo se aplica;Năo se aplica;APE;Fora ponta;MWh;Năo se aplica;16,93;,00
2026-03-11;RESOLUÇĂO HOMOLOGATÓRIA Nş 3.448, DE 29 DE ABRIL DE 2025;CERES;31465487000101;2026-01-01;2026-04-28;Tarifa de Aplicaçăo;A4;Verde;Năo se aplica;Năo se aplica;APE;Năo se aplica;kW;Năo se aplica;93,62;,00
2026-03-11;RESOLUÇĂO HOMOLOGATÓRIA Nş 3.448, DE 29 DE ABRIL DE 2025;CERES;31465487000101;2026-01-01;2026-04-28;Tarifa de Aplicaçăo;A4;Azul;Năo se aplica;Năo se aplica;APE;Ponta;kW;Năo se aplica;197,97;,00
2026-03-11;RESOLUÇĂO HOMOLOGATÓRIA Nş 3.448, DE 29 DE ABRIL DE 2025;CERES;31465487000101;2026-01-01;2026-04-28;Tarifa de Aplicaçăo;A4;Verde;Năo se aplica;Năo se aplica;APE;Ponta;MWh;Năo se aplica;4778,12;,00
2026-03-11;RESOLUÇĂO HOMOLOGATÓRIA Nş 3.448, DE 29 DE ABRIL DE 2025;CERES;31465487000101;2026-01-01;2026-04-28;Tarifa de Aplicaçăo;A4;Azul;Năo se aplica;Năo se aplica;APE;Ponta;MWh;Năo se aplica;16,93;,00
2026-03-11;RESOLUÇĂO HOMOLOGATÓRIA Nş 3.448, DE 29 DE ABRIL DE 2025;CERES;31465487000101;2026-01-01;2026-04-28;Tarifa de Aplicaçăo;A4;Azul;Năo se aplica;Năo se aplica;Năo se aplica;Fora ponta;kW;Năo se aplica;93,62;,00
2026-03-11;RESOLUÇĂO HOMOLOGATÓRIA Nş 3.448, DE 29 DE ABRIL DE 2025;CERES;31465487000101;2026-01-01;2026-04-28;Tarifa de Aplicaçăo;A4;Azul;Năo se aplica;Năo se aplica;Năo se aplica;Fora ponta;MWh;Năo se aplica;110,39;404,61
2026-03-11;RESOLUÇĂO HOMOLOGATÓRIA Nş 3.448, DE 29 DE ABRIL DE 2025;CERES;31465487000101;2026-01-01;2026-04-28;Tarifa de Aplicaçăo;A4;Verde;Năo se aplica;Năo se aplica;Năo se aplica;Fora ponta;MWh;Năo se aplica;110,39;404,61
2026-03-11;RESOLUÇĂO HOMOLOGATÓRIA Nş 3.448, DE 29 DE ABRIL DE 2025;CERES;31465487000101;2026-01-01;2026-04-28;Tarifa de Aplicaçăo;A4;Verde;Năo se aplica;Năo se aplica;Năo se aplica;Năo se aplica;kW;Năo se aplica;93,62;,00
2026-03-11;RESOLUÇĂO HOMOLOGATÓRIA Nş 3.448, DE 29 DE ABRIL DE 2025;CERES;31465487000101;2026-01-01;2026-04-28;Tarifa de Aplicaçăo;A4;Azul;Năo se aplica;Năo se aplica;Năo se aplica;Ponta;kW;Năo se aplica;197,97;,00
2026-03-11;RESOLUÇĂO HOMOLOGATÓRIA Nş 3.448, DE 29 DE ABRIL DE 2025;CERES;31465487000101;2026-01-01;2026-04-28;Tarifa de Aplicaçăo;A4;Azul;Năo se aplica;Năo se aplica;Năo se aplica;Ponta;MWh;Năo se aplica;110,39;404,61
2026-03-11;RESOLUÇĂO HOMOLOGATÓRIA Nş 3.448, DE 29 DE ABRIL DE 2025;CERES;31465487000101;2026-01-01;2026-04-28;Tarifa de Aplicaçăo;A4;Verde;Năo se aplica;Năo se aplica;Năo se aplica;Ponta;MWh;Năo se aplica;4871,58;404,61
2026-03-11;RESOLUÇĂO HOMOLOGATÓRIA Nş 3.448, DE 29 DE ABRIL DE 2025;CERES;31465487000101;2026-01-01;2026-04-28;Tarifa de Aplicaçăo;A4;Verde;Năo se aplica;Năo se aplica;SCEE;Fora ponta;MWh;Năo se aplica;110,39;4,22
2026-03-11;RESOLUÇĂO HOMOLOGATÓRIA Nş 3.448, DE 29 DE ABRIL DE 2025;CERES;31465487000101;2026-01-01;2026-04-28;Tarifa de Aplicaçăo;A4;Azul;Năo se aplica;Năo se aplica;SCEE;Fora ponta;MWh;Năo se aplica;110,39;4,22
2026-03-11;RESOLUÇĂO HOMOLOGATÓRIA Nş 3.448, DE 29 DE ABRIL DE 2025;CERES;31465487000101;2026-01-01;2026-04-28;Tarifa de Aplicaçăo;A4;Azul;Năo se aplica;Năo se aplica;SCEE;Ponta;MWh;Năo se aplica;110,39;4,22
2026-03-11;RESOLUÇĂO HOMOLOGATÓRIA Nş 3.448, DE 29 DE ABRIL DE 2025;CERES;31465487000101;2026-01-01;2026-04-28;Tarifa de Aplicaçăo;A4;Verde;Năo se aplica;Năo se aplica;SCEE;Ponta;MWh;Năo se aplica;4871,58;4,22
2026-03-11;RESOLUÇĂO HOMOLOGATÓRIA Nş 3.526, DE 23 DE SETEMBRO DE 2025;CERTREL;76583962000182;2026-01-01;2026-09-29;Tarifa de Aplicaçăo;A4;Azul;Năo se aplica;Năo se aplica;APE;Fora ponta;kW;Năo se aplica;55,19;,00
2026-03-11;RESOLUÇĂO HOMOLOGATÓRIA Nş 3.526, DE 23 DE SETEMBRO DE 2025;CERTREL;76583962000182;2026-01-01;2026-09-29;Tarifa de Aplicaçăo;A4;Azul;Năo se aplica;Năo se aplica;APE;Fora ponta;MWh;Năo se aplica;23,29;,00
2026-03-11;RESOLUÇĂO HOMOLOGATÓRIA Nş 3.526, DE 23 DE SETEMBRO DE 2025;CERTREL;76583962000182;2026-01-01;2026-09-29;Tarifa de Aplicaçăo;A4;Verde;Năo se aplica;Năo se aplica;APE;Fora ponta;MWh;Năo se aplica;23,29;,00
2026-03-11;RESOLUÇĂO HOMOLOGATÓRIA Nş 3.526, DE 23 DE SETEMBRO DE 2025;CERTREL;76583962000182;2026-01-01;2026-09-29;Tarifa de Aplicaçăo;A4;Verde;Năo se aplica;Năo se aplica;APE;Năo se aplica;kW;Năo se aplica;55,19;,00
2026-03-11;RESOLUÇĂO HOMOLOGATÓRIA Nş 3.526, DE 23 DE SETEMBRO DE 2025;CERTREL;76583962000182;2026-01-01;2026-09-29;Tarifa de Aplicaçăo;A4;Azul;Năo se aplica;Năo se aplica;APE;Ponta;kW;Năo se aplica;159,57;,00
2026-03-11;RESOLUÇĂO HOMOLOGATÓRIA Nş 3.526, DE 23 DE SETEMBRO DE 2025;CERTREL;76583962000182;2026-01-01;2026-09-29;Tarifa de Aplicaçăo;A4;Verde;Năo se aplica;Năo se aplica;APE;Ponta;MWh;Năo se aplica;3862,25;,00
2026-03-11;RESOLUÇĂO HOMOLOGATÓRIA Nş 3.526, DE 23 DE SETEMBRO DE 2025;CERTREL;76583962000182;2026-01-01;2026-09-29;Tarifa de Aplicaçăo;A4;Azul;Năo se aplica;Năo se aplica;APE;Ponta;MWh;Năo se aplica;23,29;,00
2026-03-11;RESOLUÇĂO HOMOLOGATÓRIA Nş 3.526, DE 23 DE SETEMBRO DE 2025;CERTREL;76583962000182;2026-01-01;2026-09-29;Tarifa de Aplicaçăo;A4;Azul;Năo se aplica;Năo se aplica;Năo se aplica;Fora ponta;kW;Năo se aplica;55,19;,00
2026-03-11;RESOLUÇĂO HOMOLOGATÓRIA Nş 3.526, DE 23 DE SETEMBRO DE 2025;CERTREL;76583962000182;2026-01-01;2026-09-29;Tarifa de Aplicaçăo;A4;Azul;Năo se aplica;Năo se aplica;Năo se aplica;Fora ponta;MWh;Năo se aplica;138,57;200,48
2026-03-11;RESOLUÇĂO HOMOLOGATÓRIA Nş 3.526, DE 23 DE SETEMBRO DE 2025;CERTREL;76583962000182;2026-01-01;2026-09-29;Tarifa de Aplicaçăo;A4;Verde;Năo se aplica;Năo se aplica;Năo se aplica;Fora ponta;MWh;Năo se aplica;138,57;200,48
2026-03-11;RESOLUÇĂO HOMOLOGATÓRIA Nş 3.526, DE 23 DE SETEMBRO DE 2025;CERTREL;76583962000182;2026-01-01;2026-09-29;Tarifa de Aplicaçăo;A4;Verde;Năo se aplica;Năo se aplica;Năo se aplica;Năo se aplica;kW;Năo se aplica;55,19;,00
2026-03-11;RESOLUÇĂO HOMOLOGATÓRIA Nş 3.526, DE 23 DE SETEMBRO DE 2025;CERTREL;76583962000182;2026-01-01;2026-09-29;Tarifa de Aplicaçăo;A4;Azul;Năo se aplica;Năo se aplica;Năo se aplica;Ponta;kW;Năo se aplica;159,57;,00
2026-03-11;RESOLUÇĂO HOMOLOGATÓRIA Nş 3.526, DE 23 DE SETEMBRO DE 2025;CERTREL;76583962000182;2026-01-01;2026-09-29;Tarifa de Aplicaçăo;A4;Verde;Năo se aplica;Năo se aplica;Năo se aplica;Ponta;MWh;Năo se aplica;3977,53;200,48
2026-03-11;RESOLUÇĂO HOMOLOGATÓRIA Nş 3.526, DE 23 DE SETEMBRO DE 2025;CERTREL;76583962000182;2026-01-01;2026-09-29;Tarifa de Aplicaçăo;A4;Azul;Năo se aplica;Năo se aplica;Năo se aplica;Ponta;MWh;Năo se aplica;138,57;200,48
2026-03-11;RESOLUÇĂO HOMOLOGATÓRIA Nş 3.526, DE 23 DE SETEMBRO DE 2025;CERTREL;76583962000182;2026-01-01;2026-09-29;Tarifa de Aplicaçăo;A4;Azul;Năo se aplica;Năo se aplica;SCEE;Fora ponta;MWh;Năo se aplica;138,57;11,07
2026-03-11;RESOLUÇĂO HOMOLOGATÓRIA Nş 3.526, DE 23 DE SETEMBRO DE 2025;CERTREL;76583962000182;2026-01-01;2026-09-29;Tarifa de Aplicaçăo;A4;Verde;Năo se aplica;Năo se aplica;SCEE;Fora ponta;MWh;Năo se aplica;138,57;11,07
2026-03-11;RESOLUÇĂO HOMOLOGATÓRIA Nş 3.526, DE 23 DE SETEMBRO DE 2025;CERTREL;76583962000182;2026-01-01;2026-09-29;Tarifa de Aplicaçăo;A4;Azul;Năo se aplica;Năo se aplica;SCEE;Ponta;MWh;Năo se aplica;138,57;11,07
2026-03-11;RESOLUÇĂO HOMOLOGATÓRIA Nş 3.526, DE 23 DE SETEMBRO DE 2025;CERTREL;76583962000182;2026-01-01;2026-09-29;Tarifa de Aplicaçăo;A4;Verde;Năo se aplica;Năo se aplica;SCEE;Ponta;MWh;Năo se aplica;3977,53;11,07
2026-03-11;RESOLUÇĂO HOMOLOGATÓRIA Nş 3.443, DE 15 DE ABRIL DE 2025;COELBA;15139629000194;2026-01-01;2026-04-21;Tarifa de Aplicaçăo;A4;Azul;Năo se aplica;Năo se aplica;APE;Fora ponta;kW;Năo se aplica;38,61;,00
2026-03-11;RESOLUÇĂO HOMOLOGATÓRIA Nş 3.443, DE 15 DE ABRIL DE 2025;COELBA;15139629000194;2026-01-01;2026-04-21;Tarifa de Aplicaçăo;A4;Azul;Năo se aplica;Năo se aplica;APE;Fora ponta;MWh;Năo se aplica;40,76;,00
2026-03-11;RESOLUÇĂO HOMOLOGATÓRIA Nş 3.443, DE 15 DE ABRIL DE 2025;COELBA;15139629000194;2026-01-01;2026-04-21;Tarifa de Aplicaçăo;A4;Verde;Năo se aplica;Năo se aplica;APE;Fora ponta;MWh;Năo se aplica;40,76;,00
2026-03-11;RESOLUÇĂO HOMOLOGATÓRIA Nş 3.443, DE 15 DE ABRIL DE 2025;COELBA;15139629000194;2026-01-01;2026-04-21;Tarifa de Aplicaçăo;A4;Verde;Năo se aplica;Năo se aplica;APE;Năo se aplica;kW;Năo se aplica;38,61;,00
2026-03-11;RESOLUÇĂO HOMOLOGATÓRIA Nş 3.443, DE 15 DE ABRIL DE 2025;COELBA;15139629000194;2026-01-01;2026-04-21;Tarifa de Aplicaçăo;A4;Azul;Năo se aplica;Năo se aplica;APE;Ponta;kW;Năo se aplica;105,99;,00
2026-03-11;RESOLUÇĂO HOMOLOGATÓRIA Nş 3.443, DE 15 DE ABRIL DE 2025;COELBA;15139629000194;2026-01-01;2026-04-21;Tarifa de Aplicaçăo;A4;Verde;Năo se aplica;Năo se aplica;APE;Ponta;MWh;Năo se aplica;2615,38;,00
2026-03-11;RESOLUÇĂO HOMOLOGATÓRIA Nş 3.443, DE 15 DE ABRIL DE 2025;COELBA;15139629000194;2026-01-01;2026-04-21;Tarifa de Aplicaçăo;A4;Azul;Năo se aplica;Năo se aplica;APE;Ponta;MWh;Năo se aplica;40,76;,00
2026-03-11;RESOLUÇĂO HOMOLOGATÓRIA Nş 3.443, DE 15 DE ABRIL DE 2025;COELBA;15139629000194;2026-01-01;2026-04-21;Tarifa de Aplicaçăo;A4;Azul;Năo se aplica;Năo se aplica;Năo se aplica;Fora ponta;kW;Năo se aplica;38,61;,00
2026-03-11;RESOLUÇĂO HOMOLOGATÓRIA Nş 3.443, DE 15 DE ABRIL DE 2025;COELBA;15139629000194;2026-01-01;2026-04-21;Tarifa de Aplicaçăo;A4;Verde;Năo se aplica;Năo se aplica;Năo se aplica;Fora ponta;MWh;Năo se aplica;101,42;262,48
2026-03-11;RESOLUÇĂO HOMOLOGATÓRIA Nş 3.443, DE 15 DE ABRIL DE 2025;COELBA;15139629000194;2026-01-01;2026-04-21;Tarifa de Aplicaçăo;A4;Azul;Năo se aplica;Năo se aplica;Năo se aplica;Fora ponta;MWh;Năo se aplica;101,42;262,48
2026-03-11;RESOLUÇĂO HOMOLOGATÓRIA Nş 3.443, DE 15 DE ABRIL DE 2025;COELBA;15139629000194;2026-01-01;2026-04-21;Tarifa de Aplicaçăo;A4;Verde;Năo se aplica;Năo se aplica;Năo se aplica;Năo se aplica;kW;Năo se aplica;38,61;,00
2026-03-11;RESOLUÇĂO HOMOLOGATÓRIA Nş 3.443, DE 15 DE ABRIL DE 2025;COELBA;15139629000194;2026-01-01;2026-04-21;Tarifa de Aplicaçăo;A4;Azul;Năo se aplica;Năo se aplica;Năo se aplica;Ponta;kW;Năo se aplica;105,99;,00
2026-03-11;RESOLUÇĂO HOMOLOGATÓRIA Nş 3.443, DE 15 DE ABRIL DE 2025;COELBA;15139629000194;2026-01-01;2026-04-21;Tarifa de Aplicaçăo;A4;Azul;Năo se aplica;Năo se aplica;Năo se aplica;Ponta;MWh;Năo se aplica;101,42;427,76
2026-03-11;RESOLUÇĂO HOMOLOGATÓRIA Nş 3.443, DE 15 DE ABRIL DE 2025;COELBA;15139629000194;2026-01-01;2026-04-21;Tarifa de Aplicaçăo;A4;Verde;Năo se aplica;Năo se aplica;Năo se aplica;Ponta;MWh;Năo se aplica;2676,04;427,76
2026-03-11;RESOLUÇĂO HOMOLOGATÓRIA Nş 3.443, DE 15 DE ABRIL DE 2025;COELBA;15139629000194;2026-01-01;2026-04-21;Tarifa de Aplicaçăo;A4;Verde;Năo se aplica;Năo se aplica;SCEE;Fora ponta;MWh;Năo se aplica;101,42;32,93
2026-03-11;RESOLUÇĂO HOMOLOGATÓRIA Nş 3.443, DE 15 DE ABRIL DE 2025;COELBA;15139629000194;2026-01-01;2026-04-21;Tarifa de Aplicaçăo;A4;Azul;Năo se aplica;Năo se aplica;SCEE;Fora ponta;MWh;Năo se aplica;101,42;32,93
2026-03-11;RESOLUÇĂO HOMOLOGATÓRIA Nş 3.443, DE 15 DE ABRIL DE 2025;COELBA;15139629000194;2026-01-01;2026-04-21;Tarifa de Aplicaçăo;A4;Verde;Năo se aplica;Năo se aplica;SCEE;Ponta;MWh;Năo se aplica;2676,04;32,93
2026-03-11;RESOLUÇĂO HOMOLOGATÓRIA Nş 3.443, DE 15 DE ABRIL DE 2025;COELBA;15139629000194;2026-01-01;2026-04-21;Tarifa de Aplicaçăo;A4;Azul;Năo se aplica;Năo se aplica;SCEE;Ponta;MWh;Năo se aplica;101,42;32,93
2026-03-11;RESOLUÇĂO HOMOLOGATÓRIA Nş 3.472, DE 17 DE JUNHO DE 2025;COPEL-DIS;04368898000106;2026-01-01;2026-06-23;Tarifa de Aplicaçăo;A4;Azul;Năo se aplica;Năo se aplica;APE;Fora ponta;kW;Năo se aplica;20,78;,00
2026-03-11;RESOLUÇĂO HOMOLOGATÓRIA Nş 3.472, DE 17 DE JUNHO DE 2025;COPEL-DIS;04368898000106;2026-01-01;2026-06-23;Tarifa de Aplicaçăo;A4;Azul;Năo se aplica;Năo se aplica;APE;Fora ponta;MWh;Năo se aplica;19,84;,00
2026-03-11;RESOLUÇĂO HOMOLOGATÓRIA Nş 3.472, DE 17 DE JUNHO DE 2025;COPEL-DIS;04368898000106;2026-01-01;2026-06-23;Tarifa de Aplicaçăo;A4;Verde;Năo se aplica;Năo se aplica;APE;Fora ponta;MWh;Năo se aplica;19,84;,00
2026-03-11;RESOLUÇĂO HOMOLOGATÓRIA Nş 3.472, DE 17 DE JUNHO DE 2025;COPEL-DIS;04368898000106;2026-01-01;2026-06-23;Tarifa de Aplicaçăo;A4;Verde;Năo se aplica;Năo se aplica;APE;Năo se aplica;kW;Năo se aplica;20,78;,00
2026-03-11;RESOLUÇĂO HOMOLOGATÓRIA Nş 3.472, DE 17 DE JUNHO DE 2025;COPEL-DIS;04368898000106;2026-01-01;2026-06-23;Tarifa de Aplicaçăo;A4;Azul;Năo se aplica;Năo se aplica;APE;Ponta;kW;Năo se aplica;44,93;,00
2026-03-11;RESOLUÇĂO HOMOLOGATÓRIA Nş 3.472, DE 17 DE JUNHO DE 2025;COPEL-DIS;04368898000106;2026-01-01;2026-06-23;Tarifa de Aplicaçăo;A4;Azul;Năo se aplica;Năo se aplica;APE;Ponta;MWh;Năo se aplica;19,84;,00
2026-03-11;RESOLUÇĂO HOMOLOGATÓRIA Nş 3.472, DE 17 DE JUNHO DE 2025;COPEL-DIS;04368898000106;2026-01-01;2026-06-23;Tarifa de Aplicaçăo;A4;Verde;Năo se aplica;Năo se aplica;APE;Ponta;MWh;Năo se aplica;1110,49;,00
2026-03-11;RESOLUÇĂO HOMOLOGATÓRIA Nş 3.472, DE 17 DE JUNHO DE 2025;COPEL-DIS;04368898000106;2026-01-01;2026-06-23;Tarifa de Aplicaçăo;A4;Azul;Năo se aplica;Năo se aplica;Năo se aplica;Fora ponta;kW;Năo se aplica;20,78;,00
2026-03-11;RESOLUÇĂO HOMOLOGATÓRIA Nş 3.472, DE 17 DE JUNHO DE 2025;COPEL-DIS;04368898000106;2026-01-01;2026-06-23;Tarifa de Aplicaçăo;A4;Verde;Năo se aplica;Năo se aplica;Năo se aplica;Fora ponta;MWh;Năo se aplica;120,91;257,51
2026-03-11;RESOLUÇĂO HOMOLOGATÓRIA Nş 3.472, DE 17 DE JUNHO DE 2025;COPEL-DIS;04368898000106;2026-01-01;2026-06-23;Tarifa de Aplicaçăo;A4;Azul;Năo se aplica;Năo se aplica;Năo se aplica;Fora ponta;MWh;Năo se aplica;120,91;257,51
2026-03-11;RESOLUÇĂO HOMOLOGATÓRIA Nş 3.472, DE 17 DE JUNHO DE 2025;COPEL-DIS;04368898000106;2026-01-01;2026-06-23;Tarifa de Aplicaçăo;A4;Verde;Năo se aplica;Năo se aplica;Năo se aplica;Năo se aplica;kW;Năo se aplica;20,78;,00
2026-03-11;RESOLUÇĂO HOMOLOGATÓRIA Nş 3.472, DE 17 DE JUNHO DE 2025;COPEL-DIS;04368898000106;2026-01-01;2026-06-23;Tarifa de Aplicaçăo;A4;Azul;Năo se aplica;Năo se aplica;Năo se aplica;Ponta;kW;Năo se aplica;44,93;,00
2026-03-11;RESOLUÇĂO HOMOLOGATÓRIA Nş 3.472, DE 17 DE JUNHO DE 2025;COPEL-DIS;04368898000106;2026-01-01;2026-06-23;Tarifa de Aplicaçăo;A4;Verde;Năo se aplica;Năo se aplica;Năo se aplica;Ponta;MWh;Năo se aplica;1211,56;413,69
2026-03-11;RESOLUÇĂO HOMOLOGATÓRIA Nş 3.472, DE 17 DE JUNHO DE 2025;COPEL-DIS;04368898000106;2026-01-01;2026-06-23;Tarifa de Aplicaçăo;A4;Azul;Năo se aplica;Năo se aplica;Năo se aplica;Ponta;MWh;Năo se aplica;120,91;413,69
2026-03-11;RESOLUÇĂO HOMOLOGATÓRIA Nş 3.472, DE 17 DE JUNHO DE 2025;COPEL-DIS;04368898000106;2026-01-01;2026-06-23;Tarifa de Aplicaçăo;A4;Azul;Năo se aplica;Năo se aplica;SCEE;Fora ponta;MWh;Năo se aplica;120,91;30,07
2026-03-11;RESOLUÇĂO HOMOLOGATÓRIA Nş 3.472, DE 17 DE JUNHO DE 2025;COPEL-DIS;04368898000106;2026-01-01;2026-06-23;Tarifa de Aplicaçăo;A4;Verde;Năo se aplica;Năo se aplica;SCEE;Fora ponta;MWh;Năo se aplica;120,91;30,07
2026-03-11;RESOLUÇĂO HOMOLOGATÓRIA Nş 3.472, DE 17 DE JUNHO DE 2025;COPEL-DIS;04368898000106;2026-01-01;2026-06-23;Tarifa de Aplicaçăo;A4;Azul;Năo se aplica;Năo se aplica;SCEE;Ponta;MWh;Năo se aplica;120,91;30,07
2026-03-11;RESOLUÇĂO HOMOLOGATÓRIA Nş 3.472, DE 17 DE JUNHO DE 2025;COPEL-DIS;04368898000106;2026-01-01;2026-06-23;Tarifa de Aplicaçăo;A4;Verde;Năo se aplica;Năo se aplica;SCEE;Ponta;MWh;Năo se aplica;1211,56;30,07
2026-03-11;RESOLUÇĂO HOMOLOGATÓRIA Nş 3.452, DE 29 DE ABRIL DE 2025;CPFL-PAULISTA;33050196000188;2026-01-01;2026-04-07;Tarifa de Aplicaçăo;A4;Azul;Năo se aplica;Năo se aplica;APE;Fora ponta;kW;Năo se aplica;15,93;,00
2026-03-11;RESOLUÇĂO HOMOLOGATÓRIA Nş 3.452, DE 29 DE ABRIL DE 2025;CPFL-PAULISTA;33050196000188;2026-01-01;2026-04-07;Tarifa de Aplicaçăo;A4;Azul;Năo se aplica;Năo se aplica;APE;Fora ponta;MWh;Năo se aplica;21,45;,00
2026-03-11;RESOLUÇĂO HOMOLOGATÓRIA Nş 3.452, DE 29 DE ABRIL DE 2025;CPFL-PAULISTA;33050196000188;2026-01-01;2026-04-07;Tarifa de Aplicaçăo;A4;Verde;Năo se aplica;Năo se aplica;APE;Fora ponta;MWh;Năo se aplica;21,45;,00
2026-03-11;RESOLUÇĂO HOMOLOGATÓRIA Nş 3.452, DE 29 DE ABRIL DE 2025;CPFL-PAULISTA;33050196000188;2026-01-01;2026-04-07;Tarifa de Aplicaçăo;A4;Verde;Năo se aplica;Năo se aplica;APE;Năo se aplica;kW;Năo se aplica;15,93;,00
2026-03-11;RESOLUÇĂO HOMOLOGATÓRIA Nş 3.452, DE 29 DE ABRIL DE 2025;CPFL-PAULISTA;33050196000188;2026-01-01;2026-04-07;Tarifa de Aplicaçăo;A4;Azul;Năo se aplica;Năo se aplica;APE;Ponta;kW;Năo se aplica;48,61;,00
2026-03-11;RESOLUÇĂO HOMOLOGATÓRIA Nş 3.452, DE 29 DE ABRIL DE 2025;CPFL-PAULISTA;33050196000188;2026-01-01;2026-04-07;Tarifa de Aplicaçăo;A4;Azul;Năo se aplica;Năo se aplica;APE;Ponta;MWh;Năo se aplica;21,45;,00
2026-03-11;RESOLUÇĂO HOMOLOGATÓRIA Nş 3.452, DE 29 DE ABRIL DE 2025;CPFL-PAULISTA;33050196000188;2026-01-01;2026-04-07;Tarifa de Aplicaçăo;A4;Verde;Năo se aplica;Năo se aplica;APE;Ponta;MWh;Năo se aplica;1201,57;,00
2026-03-11;RESOLUÇĂO HOMOLOGATÓRIA Nş 3.452, DE 29 DE ABRIL DE 2025;CPFL-PAULISTA;33050196000188;2026-01-01;2026-04-07;Tarifa de Aplicaçăo;A4;Azul;Năo se aplica;Năo se aplica;Năo se aplica;Fora ponta;kW;Năo se aplica;15,93;,00
2026-03-11;RESOLUÇĂO HOMOLOGATÓRIA Nş 3.452, DE 29 DE ABRIL DE 2025;CPFL-PAULISTA;33050196000188;2026-01-01;2026-04-07;Tarifa de Aplicaçăo;A4;Azul;Năo se aplica;Năo se aplica;Năo se aplica;Fora ponta;MWh;Năo se aplica;114,47;271,19
2026-03-11;RESOLUÇĂO HOMOLOGATÓRIA Nş 3.452, DE 29 DE ABRIL DE 2025;CPFL-PAULISTA;33050196000188;2026-01-01;2026-04-07;Tarifa de Aplicaçăo;A4;Verde;Năo se aplica;Năo se aplica;Năo se aplica;Fora ponta;MWh;Năo se aplica;114,47;271,19
2026-03-11;RESOLUÇĂO HOMOLOGATÓRIA Nş 3.452, DE 29 DE ABRIL DE 2025;CPFL-PAULISTA;33050196000188;2026-01-01;2026-04-07;Tarifa de Aplicaçăo;A4;Verde;Năo se aplica;Năo se aplica;Năo se aplica;Năo se aplica;kW;Năo se aplica;15,93;,00
2026-03-11;RESOLUÇĂO HOMOLOGATÓRIA Nş 3.452, DE 29 DE ABRIL DE 2025;CPFL-PAULISTA;33050196000188;2026-01-01;2026-04-07;Tarifa de Aplicaçăo;A4;Azul;Năo se aplica;Năo se aplica;Năo se aplica;Ponta;kW;Năo se aplica;48,61;,00
2026-03-11;RESOLUÇĂO HOMOLOGATÓRIA Nş 3.452, DE 29 DE ABRIL DE 2025;CPFL-PAULISTA;33050196000188;2026-01-01;2026-04-07;Tarifa de Aplicaçăo;A4;Verde;Năo se aplica;Năo se aplica;Năo se aplica;Ponta;MWh;Năo se aplica;1294,59;444,54
2026-03-11;RESOLUÇĂO HOMOLOGATÓRIA Nş 3.452, DE 29 DE ABRIL DE 2025;CPFL-PAULISTA;33050196000188;2026-01-01;2026-04-07;Tarifa de Aplicaçăo;A4;Azul;Năo se aplica;Năo se aplica;Năo se aplica;Ponta;MWh;Năo se aplica;114,47;444,54
2026-03-11;RESOLUÇĂO HOMOLOGATÓRIA Nş 3.452, DE 29 DE ABRIL DE 2025;CPFL-PAULISTA;33050196000188;2026-01-01;2026-04-07;Tarifa de Aplicaçăo;A4;Azul;Năo se aplica;Năo se aplica;SCEE;Fora ponta;MWh;Năo se aplica;114,47;20,27
2026-03-11;RESOLUÇĂO HOMOLOGATÓRIA Nş 3.452, DE 29 DE ABRIL DE 2025;CPFL-PAULISTA;33050196000188;2026-01-01;2026-04-07;Tarifa de Aplicaçăo;A4;Verde;Năo se aplica;Năo se aplica;SCEE;Fora ponta;MWh;Năo se aplica;114,47;20,27
2026-03-11;RESOLUÇĂO HOMOLOGATÓRIA Nş 3.452, DE 29 DE ABRIL DE 2025;CPFL-PAULISTA;33050196000188;2026-01-01;2026-04-07;Tarifa de Aplicaçăo;A4;Verde;Năo se aplica;Năo se aplica;SCEE;Ponta;MWh;Năo se aplica;1294,59;20,27
2026-03-11;RESOLUÇĂO HOMOLOGATÓRIA Nş 3.452, DE 29 DE ABRIL DE 2025;CPFL-PAULISTA;33050196000188;2026-01-01;2026-04-07;Tarifa de Aplicaçăo;A4;Azul;Năo se aplica;Năo se aplica;SCEE;Ponta;MWh;Năo se aplica;114,47;20,27
2026-03-11;RESOLUÇĂO HOMOLOGATÓRIA Nş 3.541, DE 14 DE OUTUBRO DE 2025;EDP SP;02302100000106;2026-01-01;2026-10-22;Tarifa de Aplicaçăo;A4;Azul;Năo se aplica;Năo se aplica;APE;Fora ponta;kW;Năo se aplica;12,02;,00
2026-03-11;RESOLUÇĂO HOMOLOGATÓRIA Nş 3.541, DE 14 DE OUTUBRO DE 2025;EDP SP;02302100000106;2026-01-01;2026-10-22;Tarifa de Aplicaçăo;A4;Azul;Năo se aplica;Năo se aplica;APE;Fora ponta;MWh;Năo se aplica;18,47;,00
2026-03-11;RESOLUÇĂO HOMOLOGATÓRIA Nş 3.541, DE 14 DE OUTUBRO DE 2025;EDP SP;02302100000106;2026-01-01;2026-10-22;Tarifa de Aplicaçăo;A4;Verde;Năo se aplica;Năo se aplica;APE;Fora ponta;MWh;Năo se aplica;18,47;,00
2026-03-11;RESOLUÇĂO HOMOLOGATÓRIA Nş 3.541, DE 14 DE OUTUBRO DE 2025;EDP SP;02302100000106;2026-01-01;2026-10-22;Tarifa de Aplicaçăo;A4;Verde;Năo se aplica;Năo se aplica;APE;Năo se aplica;kW;Năo se aplica;12,02;,00
2026-03-11;RESOLUÇĂO HOMOLOGATÓRIA Nş 3.541, DE 14 DE OUTUBRO DE 2025;EDP SP;02302100000106;2026-01-01;2026-10-22;Tarifa de Aplicaçăo;A4;Azul;Năo se aplica;Năo se aplica;APE;Ponta;kW;Năo se aplica;48,65;,00
2026-03-11;RESOLUÇĂO HOMOLOGATÓRIA Nş 3.541, DE 14 DE OUTUBRO DE 2025;EDP SP;02302100000106;2026-01-01;2026-10-22;Tarifa de Aplicaçăo;A4;Verde;Năo se aplica;Năo se aplica;APE;Ponta;MWh;Năo se aplica;1202,06;,00
2026-03-11;RESOLUÇĂO HOMOLOGATÓRIA Nş 3.541, DE 14 DE OUTUBRO DE 2025;EDP SP;02302100000106;2026-01-01;2026-10-22;Tarifa de Aplicaçăo;A4;Azul;Năo se aplica;Năo se aplica;APE;Ponta;MWh;Năo se aplica;18,47;,00
2026-03-11;RESOLUÇĂO HOMOLOGATÓRIA Nş 3.541, DE 14 DE OUTUBRO DE 2025;EDP SP;02302100000106;2026-01-01;2026-10-22;Tarifa de Aplicaçăo;A4;Azul;Năo se aplica;Năo se aplica;Năo se aplica;Fora ponta;kW;Năo se aplica;12,02;,00
2026-03-11;RESOLUÇĂO HOMOLOGATÓRIA Nş 3.541, DE 14 DE OUTUBRO DE 2025;EDP SP;02302100000106;2026-01-01;2026-10-22;Tarifa de Aplicaçăo;A4;Azul;Năo se aplica;Năo se aplica;Năo se aplica;Fora ponta;MWh;Năo se aplica;142,05;309,23
2026-03-11;RESOLUÇĂO HOMOLOGATÓRIA Nş 3.541, DE 14 DE OUTUBRO DE 2025;EDP SP;02302100000106;2026-01-01;2026-10-22;Tarifa de Aplicaçăo;A4;Verde;Năo se aplica;Năo se aplica;Năo se aplica;Fora ponta;MWh;Năo se aplica;142,05;309,23
2026-03-11;RESOLUÇĂO HOMOLOGATÓRIA Nş 3.541, DE 14 DE OUTUBRO DE 2025;EDP SP;02302100000106;2026-01-01;2026-10-22;Tarifa de Aplicaçăo;A4;Verde;Năo se aplica;Năo se aplica;Năo se aplica;Năo se aplica;kW;Năo se aplica;12,02;,00
2026-03-11;RESOLUÇĂO HOMOLOGATÓRIA Nş 3.541, DE 14 DE OUTUBRO DE 2025;EDP SP;02302100000106;2026-01-01;2026-10-22;Tarifa de Aplicaçăo;A4;Azul;Năo se aplica;Năo se aplica;Năo se aplica;Ponta;kW;Năo se aplica;48,65;,00
2026-03-11;RESOLUÇĂO HOMOLOGATÓRIA Nş 3.541, DE 14 DE OUTUBRO DE 2025;EDP SP;02302100000106;2026-01-01;2026-10-22;Tarifa de Aplicaçăo;A4;Azul;Năo se aplica;Năo se aplica;Năo se aplica;Ponta;MWh;Năo se aplica;142,05;489,03
2026-03-11;RESOLUÇĂO HOMOLOGATÓRIA Nş 3.541, DE 14 DE OUTUBRO DE 2025;EDP SP;02302100000106;2026-01-01;2026-10-22;Tarifa de Aplicaçăo;A4;Verde;Năo se aplica;Năo se aplica;Năo se aplica;Ponta;MWh;Năo se aplica;1325,63;489,03
2026-03-11;RESOLUÇĂO HOMOLOGATÓRIA Nş 3.541, DE 14 DE OUTUBRO DE 2025;EDP SP;02302100000106;2026-01-01;2026-10-22;Tarifa de Aplicaçăo;A4;Verde;Năo se aplica;Năo se aplica;SCEE;Fora ponta;MWh;Năo se aplica;142,05;46,39
2026-03-11;RESOLUÇĂO HOMOLOGATÓRIA Nş 3.541, DE 14 DE OUTUBRO DE 2025;EDP SP;02302100000106;2026-01-01;2026-10-22;Tarifa de Aplicaçăo;A4;Azul;Năo se aplica;Năo se aplica;SCEE;Fora ponta;MWh;Năo se aplica;142,05;46,39
2026-03-11;RESOLUÇĂO HOMOLOGATÓRIA Nş 3.541, DE 14 DE OUTUBRO DE 2025;EDP SP;02302100000106;2026-01-01;2026-10-22;Tarifa de Aplicaçăo;A4;Verde;Năo se aplica;Năo se aplica;SCEE;Ponta;MWh;Năo se aplica;1325,63;46,39
2026-03-11;RESOLUÇĂO HOMOLOGATÓRIA Nş 3.541, DE 14 DE OUTUBRO DE 2025;EDP SP;02302100000106;2026-01-01;2026-10-22;Tarifa de Aplicaçăo;A4;Azul;Năo se aplica;Năo se aplica;SCEE;Ponta;MWh;Năo se aplica;142,05;46,39
2026-03-11;RESOLUÇĂO HOMOLOGATÓRIA Nş 3.435, DE 11 DE MARÇO DE 2025;ENEL RJ;33050071000158;2026-01-01;2026-03-14;Tarifa de Aplicaçăo;A4;Azul;Năo se aplica;Năo se aplica;APE;Fora ponta;kW;Năo se aplica;36,92;,00
2026-03-11;RESOLUÇĂO HOMOLOGATÓRIA Nş 3.435, DE 11 DE MARÇO DE 2025;ENEL RJ;33050071000158;2026-01-01;2026-03-14;Tarifa de Aplicaçăo;A4;Azul;Năo se aplica;Năo se aplica;APE;Fora ponta;MWh;Năo se aplica;57,79;,00
2026-03-11;RESOLUÇĂO HOMOLOGATÓRIA Nş 3.435, DE 11 DE MARÇO DE 2025;ENEL RJ;33050071000158;2026-01-01;2026-03-14;Tarifa de Aplicaçăo;A4;Verde;Năo se aplica;Năo se aplica;APE;Fora ponta;MWh;Năo se aplica;57,79;,00
2026-03-11;RESOLUÇĂO HOMOLOGATÓRIA Nş 3.435, DE 11 DE MARÇO DE 2025;ENEL RJ;33050071000158;2026-01-01;2026-03-14;Tarifa de Aplicaçăo;A4;Verde;Năo se aplica;Năo se aplica;APE;Năo se aplica;kW;Năo se aplica;36,92;,00
2026-03-11;RESOLUÇĂO HOMOLOGATÓRIA Nş 3.435, DE 11 DE MARÇO DE 2025;ENEL RJ;33050071000158;2026-01-01;2026-03-14;Tarifa de Aplicaçăo;A4;Azul;Năo se aplica;Năo se aplica;APE;Ponta;kW;Năo se aplica;73,48;,00
2026-03-11;RESOLUÇĂO HOMOLOGATÓRIA Nş 3.435, DE 11 DE MARÇO DE 2025;ENEL RJ;33050071000158;2026-01-01;2026-03-14;Tarifa de Aplicaçăo;A4;Azul;Năo se aplica;Năo se aplica;APE;Ponta;MWh;Năo se aplica;57,79;,00
2026-03-11;RESOLUÇĂO HOMOLOGATÓRIA Nş 3.435, DE 11 DE MARÇO DE 2025;ENEL RJ;33050071000158;2026-01-01;2026-03-14;Tarifa de Aplicaçăo;A4;Verde;Năo se aplica;Năo se aplica;APE;Ponta;MWh;Năo se aplica;1841,85;,00
2026-03-11;RESOLUÇĂO HOMOLOGATÓRIA Nş 3.435, DE 11 DE MARÇO DE 2025;ENEL RJ;33050071000158;2026-01-01;2026-03-14;Tarifa de Aplicaçăo;A4;Azul;Năo se aplica;Năo se aplica;Năo se aplica;Fora ponta;kW;Năo se aplica;36,92;,00
2026-03-11;RESOLUÇĂO HOMOLOGATÓRIA Nş 3.435, DE 11 DE MARÇO DE 2025;ENEL RJ;33050071000158;2026-01-01;2026-03-14;Tarifa de Aplicaçăo;A4;Azul;Năo se aplica;Năo se aplica;Năo se aplica;Fora ponta;MWh;Năo se aplica;150,00;277,28
2026-03-11;RESOLUÇĂO HOMOLOGATÓRIA Nş 3.435, DE 11 DE MARÇO DE 2025;ENEL RJ;33050071000158;2026-01-01;2026-03-14;Tarifa de Aplicaçăo;A4;Verde;Năo se aplica;Năo se aplica;Năo se aplica;Fora ponta;MWh;Năo se aplica;150,00;277,28
2026-03-11;RESOLUÇĂO HOMOLOGATÓRIA Nş 3.435, DE 11 DE MARÇO DE 2025;ENEL RJ;33050071000158;2026-01-01;2026-03-14;Tarifa de Aplicaçăo;A4;Verde;Năo se aplica;Năo se aplica;Năo se aplica;Năo se aplica;kW;Năo se aplica;36,92;,00
2026-03-11;RESOLUÇĂO HOMOLOGATÓRIA Nş 3.435, DE 11 DE MARÇO DE 2025;ENEL RJ;33050071000158;2026-01-01;2026-03-14;Tarifa de Aplicaçăo;A4;Azul;Năo se aplica;Năo se aplica;Năo se aplica;Ponta;kW;Năo se aplica;73,48;,00
2026-03-11;RESOLUÇĂO HOMOLOGATÓRIA Nş 3.435, DE 11 DE MARÇO DE 2025;ENEL RJ;33050071000158;2026-01-01;2026-03-14;Tarifa de Aplicaçăo;A4;Verde;Năo se aplica;Năo se aplica;Năo se aplica;Ponta;MWh;Năo se aplica;1934,06;445,91
2026-03-11;RESOLUÇĂO HOMOLOGATÓRIA Nş 3.435, DE 11 DE MARÇO DE 2025;ENEL RJ;33050071000158;2026-01-01;2026-03-14;Tarifa de Aplicaçăo;A4;Azul;Năo se aplica;Năo se aplica;Năo se aplica;Ponta;MWh;Năo se aplica;150,00;445,91
2026-03-11;RESOLUÇĂO HOMOLOGATÓRIA Nş 3.435, DE 11 DE MARÇO DE 2025;ENEL RJ;33050071000158;2026-01-01;2026-03-14;Tarifa de Aplicaçăo;A4;Verde;Năo se aplica;Năo se aplica;SCEE;Fora ponta;MWh;Năo se aplica;150,00;31,54
2026-03-11;RESOLUÇĂO HOMOLOGATÓRIA Nş 3.435, DE 11 DE MARÇO DE 2025;ENEL RJ;33050071000158;2026-01-01;2026-03-14;Tarifa de Aplicaçăo;A4;Azul;Năo se aplica;Năo se aplica;SCEE;Fora ponta;MWh;Năo se aplica;150,00;31,54
2026-03-11;RESOLUÇĂO HOMOLOGATÓRIA Nş 3.435, DE 11 DE MARÇO DE 2025;ENEL RJ;33050071000158;2026-01-01;2026-03-14;Tarifa de Aplicaçăo;A4;Azul;Năo se aplica;Năo se aplica;SCEE;Ponta;MWh;Năo se aplica;150,00;31,54
2026-03-11;RESOLUÇĂO HOMOLOGATÓRIA Nş 3.435, DE 11 DE MARÇO DE 2025;ENEL RJ;33050071000158;2026-01-01;2026-03-14;Tarifa de Aplicaçăo;A4;Verde;Năo se aplica;Năo se aplica;SCEE;Ponta;MWh;Năo se aplica;1934,06;31,54
2026-03-11;RESOLUÇĂO HOMOLOGATÓRIA Nş 3.512, DE 26 DE AGOSTO DE 2025;EQUATORIAL MA;06272793000184;2026-01-01;2026-08-27;Tarifa de Aplicaçăo;A4;Azul;Năo se aplica;Năo se aplica;APE;Fora ponta;kW;Năo se aplica;31,98;,00
2026-03-11;RESOLUÇĂO HOMOLOGATÓRIA Nş 3.512, DE 26 DE AGOSTO DE 2025;EQUATORIAL MA;06272793000184;2026-01-01;2026-08-27;Tarifa de Aplicaçăo;A4;Verde;Năo se aplica;Năo se aplica;APE;Fora ponta;MWh;Năo se aplica;44,14;,00
2026-03-11;RESOLUÇĂO HOMOLOGATÓRIA Nş 3.512, DE 26 DE AGOSTO DE 2025;EQUATORIAL MA;06272793000184;2026-01-01;2026-08-27;Tarifa de Aplicaçăo;A4;Azul;Năo se aplica;Năo se aplica;APE;Fora ponta;MWh;Năo se aplica;44,14;,00
2026-03-11;RESOLUÇĂO HOMOLOGATÓRIA Nş 3.512, DE 26 DE AGOSTO DE 2025;EQUATORIAL MA;06272793000184;2026-01-01;2026-08-27;Tarifa de Aplicaçăo;A4;Verde;Năo se aplica;Năo se aplica;APE;Năo se aplica;kW;Năo se aplica;31,98;,00
2026-03-11;RESOLUÇĂO HOMOLOGATÓRIA Nş 3.512, DE 26 DE AGOSTO DE 2025;EQUATORIAL MA;06272793000184;2026-01-01;2026-08-27;Tarifa de Aplicaçăo;A4;Azul;Năo se aplica;Năo se aplica;APE;Ponta;kW;Năo se aplica;93,11;,00
2026-03-11;RESOLUÇĂO HOMOLOGATÓRIA Nş 3.512, DE 26 DE AGOSTO DE 2025;EQUATORIAL MA;06272793000184;2026-01-01;2026-08-27;Tarifa de Aplicaçăo;A4;Azul;Năo se aplica;Năo se aplica;APE;Ponta;MWh;Năo se aplica;44,14;,00
2026-03-11;RESOLUÇĂO HOMOLOGATÓRIA Nş 3.512, DE 26 DE AGOSTO DE 2025;EQUATORIAL MA;06272793000184;2026-01-01;2026-08-27;Tarifa de Aplicaçăo;A4;Verde;Năo se aplica;Năo se aplica;APE;Ponta;MWh;Năo se aplica;2305,46;,00
2026-03-11;RESOLUÇĂO HOMOLOGATÓRIA Nş 3.512, DE 26 DE AGOSTO DE 2025;EQUATORIAL MA;06272793000184;2026-01-01;2026-08-27;Tarifa de Aplicaçăo;A4;Azul;Năo se aplica;Năo se aplica;Năo se aplica;Fora ponta;kW;Năo se aplica;31,98;,00
2026-03-11;RESOLUÇĂO HOMOLOGATÓRIA Nş 3.512, DE 26 DE AGOSTO DE 2025;EQUATORIAL MA;06272793000184;2026-01-01;2026-08-27;Tarifa de Aplicaçăo;A4;Azul;Năo se aplica;Năo se aplica;Năo se aplica;Fora ponta;MWh;Năo se aplica;116,15;266,56
2026-03-11;RESOLUÇĂO HOMOLOGATÓRIA Nş 3.512, DE 26 DE AGOSTO DE 2025;EQUATORIAL MA;06272793000184;2026-01-01;2026-08-27;Tarifa de Aplicaçăo;A4;Verde;Năo se aplica;Năo se aplica;Năo se aplica;Fora ponta;MWh;Năo se aplica;116,15;266,56
2026-03-11;RESOLUÇĂO HOMOLOGATÓRIA Nş 3.512, DE 26 DE AGOSTO DE 2025;EQUATORIAL MA;06272793000184;2026-01-01;2026-08-27;Tarifa de Aplicaçăo;A4;Verde;Năo se aplica;Năo se aplica;Năo se aplica;Năo se aplica;kW;Năo se aplica;31,98;,00
2026-03-11;RESOLUÇĂO HOMOLOGATÓRIA Nş 3.512, DE 26 DE AGOSTO DE 2025;EQUATORIAL MA;06272793000184;2026-01-01;2026-08-27;Tarifa de Aplicaçăo;A4;Azul;Năo se aplica;Năo se aplica;Năo se aplica;Ponta;kW;Năo se aplica;93,11;,00
2026-03-11;RESOLUÇĂO HOMOLOGATÓRIA Nş 3.512, DE 26 DE AGOSTO DE 2025;EQUATORIAL MA;06272793000184;2026-01-01;2026-08-27;Tarifa de Aplicaçăo;A4;Verde;Năo se aplica;Năo se aplica;Năo se aplica;Ponta;MWh;Năo se aplica;2377,47;430,69
2026-03-11;RESOLUÇĂO HOMOLOGATÓRIA Nş 3.512, DE 26 DE AGOSTO DE 2025;EQUATORIAL MA;06272793000184;2026-01-01;2026-08-27;Tarifa de Aplicaçăo;A4;Azul;Năo se aplica;Năo se aplica;Năo se aplica;Ponta;MWh;Năo se aplica;116,15;430,69
2026-03-11;RESOLUÇĂO HOMOLOGATÓRIA Nş 3.512, DE 26 DE AGOSTO DE 2025;EQUATORIAL MA;06272793000184;2026-01-01;2026-08-27;Tarifa de Aplicaçăo;A4;Verde;Năo se aplica;Năo se aplica;SCEE;Fora ponta;MWh;Năo se aplica;116,15;38,60
2026-03-11;RESOLUÇĂO HOMOLOGATÓRIA Nş 3.512, DE 26 DE AGOSTO DE 2025;EQUATORIAL MA;06272793000184;2026-01-01;2026-08-27;Tarifa de Aplicaçăo;A4;Azul;Năo se aplica;Năo se aplica;SCEE;Fora ponta;MWh;Năo se aplica;116,15;38,60
2026-03-11;RESOLUÇĂO HOMOLOGATÓRIA Nş 3.512, DE 26 DE AGOSTO DE 2025;EQUATORIAL MA;06272793000184;2026-01-01;2026-08-27;Tarifa de Aplicaçăo;A4;Azul;Năo se aplica;Năo se aplica;SCEE;Ponta;MWh;Năo se aplica;116,15;38,60
2026-03-11;RESOLUÇĂO HOMOLOGATÓRIA Nş 3.512, DE 26 DE AGOSTO DE 2025;EQUATORIAL MA;06272793000184;2026-01-01;2026-08-27;Tarifa de Aplicaçăo;A4;Verde;Năo se aplica;Năo se aplica;SCEE;Ponta;MWh;Năo se aplica;2377,47;38,60
2026-03-11;RESOLUÇĂO HOMOLOGATÓRIA Nş 3.507, DE 5 DE AGOSTO DE 2025;EQUATORIAL PA;04895728000180;2026-01-01;2026-08-06;Tarifa de Aplicaçăo;A4;Azul;Năo se aplica;Năo se aplica;APE;Fora ponta;kW;Năo se aplica;44,81;,00
2026-03-11;RESOLUÇĂO HOMOLOGATÓRIA Nş 3.507, DE 5 DE AGOSTO DE 2025;EQUATORIAL PA;04895728000180;2026-01-01;2026-08-06;Tarifa de Aplicaçăo;A4;Verde;Năo se aplica;Năo se aplica;APE;Fora ponta;MWh;Năo se aplica;79,82;,00
2026-03-11;RESOLUÇĂO HOMOLOGATÓRIA Nş 3.507, DE 5 DE AGOSTO DE 2025;EQUATORIAL PA;04895728000180;2026-01-01;2026-08-06;Tarifa de Aplicaçăo;A4;Azul;Năo se aplica;Năo se aplica;APE;Fora ponta;MWh;Năo se aplica;79,82;,00
2026-03-11;RESOLUÇĂO HOMOLOGATÓRIA Nş 3.507, DE 5 DE AGOSTO DE 2025;EQUATORIAL PA;04895728000180;2026-01-01;2026-08-06;Tarifa de Aplicaçăo;A4;Verde;Năo se aplica;Năo se aplica;APE;Năo se aplica;kW;Năo se aplica;44,81;,00
2026-03-11;RESOLUÇĂO HOMOLOGATÓRIA Nş 3.507, DE 5 DE AGOSTO DE 2025;EQUATORIAL PA;04895728000180;2026-01-01;2026-08-06;Tarifa de Aplicaçăo;A4;Azul;Năo se aplica;Năo se aplica;APE;Ponta;kW;Năo se aplica;100,12;,00
2026-03-11;RESOLUÇĂO HOMOLOGATÓRIA Nş 3.507, DE 5 DE AGOSTO DE 2025;EQUATORIAL PA;04895728000180;2026-01-01;2026-08-06;Tarifa de Aplicaçăo;A4;Azul;Năo se aplica;Năo se aplica;APE;Ponta;MWh;Năo se aplica;79,82;,00
2026-03-11;RESOLUÇĂO HOMOLOGATÓRIA Nş 3.507, DE 5 DE AGOSTO DE 2025;EQUATORIAL PA;04895728000180;2026-01-01;2026-08-06;Tarifa de Aplicaçăo;A4;Verde;Năo se aplica;Năo se aplica;APE;Ponta;MWh;Năo se aplica;2510,54;,00
2026-03-11;RESOLUÇĂO HOMOLOGATÓRIA Nş 3.507, DE 5 DE AGOSTO DE 2025;EQUATORIAL PA;04895728000180;2026-01-01;2026-08-06;Tarifa de Aplicaçăo;A4;Azul;Năo se aplica;Năo se aplica;Năo se aplica;Fora ponta;kW;Năo se aplica;44,81;,00
2026-03-11;RESOLUÇĂO HOMOLOGATÓRIA Nş 3.507, DE 5 DE AGOSTO DE 2025;EQUATORIAL PA;04895728000180;2026-01-01;2026-08-06;Tarifa de Aplicaçăo;A4;Verde;Năo se aplica;Năo se aplica;Năo se aplica;Fora ponta;MWh;Năo se aplica;151,86;268,93
2026-03-11;RESOLUÇĂO HOMOLOGATÓRIA Nş 3.507, DE 5 DE AGOSTO DE 2025;EQUATORIAL PA;04895728000180;2026-01-01;2026-08-06;Tarifa de Aplicaçăo;A4;Azul;Năo se aplica;Năo se aplica;Năo se aplica;Fora ponta;MWh;Năo se aplica;151,86;268,93
2026-03-11;RESOLUÇĂO HOMOLOGATÓRIA Nş 3.507, DE 5 DE AGOSTO DE 2025;EQUATORIAL PA;04895728000180;2026-01-01;2026-08-06;Tarifa de Aplicaçăo;A4;Verde;Năo se aplica;Năo se aplica;Năo se aplica;Năo se aplica;kW;Năo se aplica;44,81;,00
2026-03-11;RESOLUÇĂO HOMOLOGATÓRIA Nş 3.507, DE 5 DE AGOSTO DE 2025;EQUATORIAL PA;04895728000180;2026-01-01;2026-08-06;Tarifa de Aplicaçăo;A4;Azul;Năo se aplica;Năo se aplica;Năo se aplica;Ponta;kW;Năo se aplica;100,12;,00
2026-03-11;RESOLUÇĂO HOMOLOGATÓRIA Nş 3.507, DE 5 DE AGOSTO DE 2025;EQUATORIAL PA;04895728000180;2026-01-01;2026-08-06;Tarifa de Aplicaçăo;A4;Verde;Năo se aplica;Năo se aplica;Năo se aplica;Ponta;MWh;Năo se aplica;2582,58;438,57
2026-03-11;RESOLUÇĂO HOMOLOGATÓRIA Nş 3.507, DE 5 DE AGOSTO DE 2025;EQUATORIAL PA;04895728000180;2026-01-01;2026-08-06;Tarifa de Aplicaçăo;A4;Azul;Năo se aplica;Năo se aplica;Năo se aplica;Ponta;MWh;Năo se aplica;151,86;438,57
2026-03-11;RESOLUÇĂO HOMOLOGATÓRIA Nş 3.507, DE 5 DE AGOSTO DE 2025;EQUATORIAL PA;04895728000180;2026-01-01;2026-08-06;Tarifa de Aplicaçăo;A4;Azul;Năo se aplica;Năo se aplica;SCEE;Fora ponta;MWh;Năo se aplica;151,86;33,32
2026-03-11;RESOLUÇĂO HOMOLOGATÓRIA Nş 3.507, DE 5 DE AGOSTO DE 2025;EQUATORIAL PA;04895728000180;2026-01-01;2026-08-06;Tarifa de Aplicaçăo;A4;Verde;Năo se aplica;Năo se aplica;SCEE;Fora ponta;MWh;Năo se aplica;151,86;33,32
2026-03-11;RESOLUÇĂO HOMOLOGATÓRIA Nş 3.507, DE 5 DE AGOSTO DE 2025;EQUATORIAL PA;04895728000180;2026-01-01;2026-08-06;Tarifa de Aplicaçăo;A4;Verde;Năo se aplica;Năo se aplica;SCEE;Ponta;MWh;Năo se aplica;2582,58;33,32
2026-03-11;RESOLUÇĂO HOMOLOGATÓRIA Nş 3.507, DE 5 DE AGOSTO DE 2025;EQUATORIAL PA;04895728000180;2026-01-01;2026-08-06;Tarifa de Aplicaçăo;A4;Azul;Năo se aplica;Năo se aplica;SCEE;Ponta;MWh;Năo se aplica;151,86;33,32
2026-03-11;RESOLUÇĂO HOMOLOGATÓRIA Nş 3.474, DE 17 DE JUNHO DE 2025;LIGHT SESA;60444437000146;2026-01-01;2026-03-14;Tarifa de Aplicaçăo;A4;Azul;Năo se aplica;Năo se aplica;APE;Fora ponta;kW;Năo se aplica;28,05;,00
2026-03-11;RESOLUÇĂO HOMOLOGATÓRIA Nş 3.474, DE 17 DE JUNHO DE 2025;LIGHT SESA;60444437000146;2026-01-01;2026-03-14;Tarifa de Aplicaçăo;A4;Azul;Năo se aplica;Năo se aplica;APE;Fora ponta;MWh;Năo se aplica;57,60;,00
2026-03-11;RESOLUÇĂO HOMOLOGATÓRIA Nş 3.474, DE 17 DE JUNHO DE 2025;LIGHT SESA;60444437000146;2026-01-01;2026-03-14;Tarifa de Aplicaçăo;A4;Verde;Năo se aplica;Năo se aplica;APE;Fora ponta;MWh;Năo se aplica;57,60;,00
2026-03-11;RESOLUÇĂO HOMOLOGATÓRIA Nş 3.474, DE 17 DE JUNHO DE 2025;LIGHT SESA;60444437000146;2026-01-01;2026-03-14;Tarifa de Aplicaçăo;A4;Verde;Năo se aplica;Năo se aplica;APE;Năo se aplica;kW;Năo se aplica;28,05;,00
2026-03-11;RESOLUÇĂO HOMOLOGATÓRIA Nş 3.474, DE 17 DE JUNHO DE 2025;LIGHT SESA;60444437000146;2026-01-01;2026-03-14;Tarifa de Aplicaçăo;A4;Azul;Năo se aplica;Năo se aplica;APE;Ponta;kW;Năo se aplica;39,66;,00
2026-03-11;RESOLUÇĂO HOMOLOGATÓRIA Nş 3.474, DE 17 DE JUNHO DE 2025;LIGHT SESA;60444437000146;2026-01-01;2026-03-14;Tarifa de Aplicaçăo;A4;Verde;Năo se aplica;Năo se aplica;APE;Ponta;MWh;Năo se aplica;1018,91;,00
2026-03-11;RESOLUÇĂO HOMOLOGATÓRIA Nş 3.474, DE 17 DE JUNHO DE 2025;LIGHT SESA;60444437000146;2026-01-01;2026-03-14;Tarifa de Aplicaçăo;A4;Azul;Năo se aplica;Năo se aplica;APE;Ponta;MWh;Năo se aplica;57,60;,00
2026-03-11;RESOLUÇĂO HOMOLOGATÓRIA Nş 3.474, DE 17 DE JUNHO DE 2025;LIGHT SESA;60444437000146;2026-01-01;2026-03-14;Tarifa de Aplicaçăo;A4;Azul;Năo se aplica;Năo se aplica;Năo se aplica;Fora ponta;kW;Năo se aplica;28,05;,00
2026-03-11;RESOLUÇĂO HOMOLOGATÓRIA Nş 3.474, DE 17 DE JUNHO DE 2025;LIGHT SESA;60444437000146;2026-01-01;2026-03-14;Tarifa de Aplicaçăo;A4;Azul;Năo se aplica;Năo se aplica;Năo se aplica;Fora ponta;MWh;Năo se aplica;161,50;294,36
2026-03-11;RESOLUÇĂO HOMOLOGATÓRIA Nş 3.474, DE 17 DE JUNHO DE 2025;LIGHT SESA;60444437000146;2026-01-01;2026-03-14;Tarifa de Aplicaçăo;A4;Verde;Năo se aplica;Năo se aplica;Năo se aplica;Fora ponta;MWh;Năo se aplica;161,50;294,36
2026-03-11;RESOLUÇĂO HOMOLOGATÓRIA Nş 3.474, DE 17 DE JUNHO DE 2025;LIGHT SESA;60444437000146;2026-01-01;2026-03-14;Tarifa de Aplicaçăo;A4;Verde;Năo se aplica;Năo se aplica;Năo se aplica;Năo se aplica;kW;Năo se aplica;28,05;,00
2026-03-11;RESOLUÇĂO HOMOLOGATÓRIA Nş 3.474, DE 17 DE JUNHO DE 2025;LIGHT SESA;60444437000146;2026-01-01;2026-03-14;Tarifa de Aplicaçăo;A4;Azul;Năo se aplica;Năo se aplica;Năo se aplica;Ponta;kW;Năo se aplica;39,66;,00
2026-03-11;RESOLUÇĂO HOMOLOGATÓRIA Nş 3.474, DE 17 DE JUNHO DE 2025;LIGHT SESA;60444437000146;2026-01-01;2026-03-14;Tarifa de Aplicaçăo;A4;Azul;Năo se aplica;Năo se aplica;Năo se aplica;Ponta;MWh;Năo se aplica;161,50;460,99
2026-03-11;RESOLUÇĂO HOMOLOGATÓRIA Nş 3.474, DE 17 DE JUNHO DE 2025;LIGHT SESA;60444437000146;2026-01-01;2026-03-14;Tarifa de Aplicaçăo;A4;Verde;Năo se aplica;Năo se aplica;Năo se aplica;Ponta;MWh;Năo se aplica;1122,81;460,99
2026-03-11;RESOLUÇĂO HOMOLOGATÓRIA Nş 3.474, DE 17 DE JUNHO DE 2025;LIGHT SESA;60444437000146;2026-01-01;2026-03-14;Tarifa de Aplicaçăo;A4;Azul;Năo se aplica;Năo se aplica;SCEE;Fora ponta;MWh;Năo se aplica;161,50;48,78
2026-03-11;RESOLUÇĂO HOMOLOGATÓRIA Nş 3.474, DE 17 DE JUNHO DE 2025;LIGHT SESA;60444437000146;2026-01-01;2026-03-14;Tarifa de Aplicaçăo;A4;Verde;Năo se aplica;Năo se aplica;SCEE;Fora ponta;MWh;Năo se aplica;161,50;48,78
2026-03-11;RESOLUÇĂO HOMOLOGATÓRIA Nş 3.474, DE 17 DE JUNHO DE 2025;LIGHT SESA;60444437000146;2026-01-01;2026-03-14;Tarifa de Aplicaçăo;A4;Verde;Năo se aplica;Năo se aplica;SCEE;Ponta;MWh;Năo se aplica;1122,81;48,78
2026-03-11;RESOLUÇĂO HOMOLOGATÓRIA Nş 3.474, DE 17 DE JUNHO DE 2025;LIGHT SESA;60444437000146;2026-01-01;2026-03-14;Tarifa de Aplicaçăo;A4;Azul;Năo se aplica;Năo se aplica;SCEE;Ponta;MWh;Năo se aplica;161,50;48,78
2026-03-11;RESOLUÇĂO HOMOLOGATÓRIA Nş 3.451, DE 29 DE ABRIL DE 2025;Neoenergia PE;10835932000108;2026-01-01;2026-04-28;Tarifa de Aplicaçăo;A4;Azul;Năo se aplica;Năo se aplica;APE;Fora ponta;kW;Năo se aplica;21,39;,00
2026-03-11;RESOLUÇĂO HOMOLOGATÓRIA Nş 3.451, DE 29 DE ABRIL DE 2025;Neoenergia PE;10835932000108;2026-01-01;2026-04-28;Tarifa de Aplicaçăo;A4;Azul;Năo se aplica;Năo se aplica;APE;Fora ponta;MWh;Năo se aplica;28,15;,00
2026-03-11;RESOLUÇĂO HOMOLOGATÓRIA Nş 3.451, DE 29 DE ABRIL DE 2025;Neoenergia PE;10835932000108;2026-01-01;2026-04-28;Tarifa de Aplicaçăo;A4;Verde;Năo se aplica;Năo se aplica;APE;Fora ponta;MWh;Năo se aplica;28,15;,00
2026-03-11;RESOLUÇĂO HOMOLOGATÓRIA Nş 3.451, DE 29 DE ABRIL DE 2025;Neoenergia PE;10835932000108;2026-01-01;2026-04-28;Tarifa de Aplicaçăo;A4;Verde;Năo se aplica;Năo se aplica;APE;Năo se aplica;kW;Năo se aplica;21,39;,00
2026-03-11;RESOLUÇĂO HOMOLOGATÓRIA Nş 3.451, DE 29 DE ABRIL DE 2025;Neoenergia PE;10835932000108;2026-01-01;2026-04-28;Tarifa de Aplicaçăo;A4;Azul;Năo se aplica;Năo se aplica;APE;Ponta;kW;Năo se aplica;47,52;,00
2026-03-11;RESOLUÇĂO HOMOLOGATÓRIA Nş 3.451, DE 29 DE ABRIL DE 2025;Neoenergia PE;10835932000108;2026-01-01;2026-04-28;Tarifa de Aplicaçăo;A4;Verde;Năo se aplica;Năo se aplica;APE;Ponta;MWh;Năo se aplica;1177,88;,00
2026-03-11;RESOLUÇĂO HOMOLOGATÓRIA Nş 3.451, DE 29 DE ABRIL DE 2025;Neoenergia PE;10835932000108;2026-01-01;2026-04-28;Tarifa de Aplicaçăo;A4;Azul;Năo se aplica;Năo se aplica;APE;Ponta;MWh;Năo se aplica;28,15;,00
2026-03-11;RESOLUÇĂO HOMOLOGATÓRIA Nş 3.451, DE 29 DE ABRIL DE 2025;Neoenergia PE;10835932000108;2026-01-01;2026-04-28;Tarifa de Aplicaçăo;A4;Azul;Năo se aplica;Năo se aplica;Năo se aplica;Fora ponta;kW;Năo se aplica;21,39;,00
2026-03-11;RESOLUÇĂO HOMOLOGATÓRIA Nş 3.451, DE 29 DE ABRIL DE 2025;Neoenergia PE;10835932000108;2026-01-01;2026-04-28;Tarifa de Aplicaçăo;A4;Azul;Năo se aplica;Năo se aplica;Năo se aplica;Fora ponta;MWh;Năo se aplica;94,68;266,10
2026-03-11;RESOLUÇĂO HOMOLOGATÓRIA Nş 3.451, DE 29 DE ABRIL DE 2025;Neoenergia PE;10835932000108;2026-01-01;2026-04-28;Tarifa de Aplicaçăo;A4;Verde;Năo se aplica;Năo se aplica;Năo se aplica;Fora ponta;MWh;Năo se aplica;94,68;266,10
2026-03-11;RESOLUÇĂO HOMOLOGATÓRIA Nş 3.451, DE 29 DE ABRIL DE 2025;Neoenergia PE;10835932000108;2026-01-01;2026-04-28;Tarifa de Aplicaçăo;A4;Verde;Năo se aplica;Năo se aplica;Năo se aplica;Năo se aplica;kW;Năo se aplica;21,39;,00
2026-03-11;RESOLUÇĂO HOMOLOGATÓRIA Nş 3.451, DE 29 DE ABRIL DE 2025;Neoenergia PE;10835932000108;2026-01-01;2026-04-28;Tarifa de Aplicaçăo;A4;Azul;Năo se aplica;Năo se aplica;Năo se aplica;Ponta;kW;Năo se aplica;47,52;,00
2026-03-11;RESOLUÇĂO HOMOLOGATÓRIA Nş 3.451, DE 29 DE ABRIL DE 2025;Neoenergia PE;10835932000108;2026-01-01;2026-04-28;Tarifa de Aplicaçăo;A4;Verde;Năo se aplica;Năo se aplica;Năo se aplica;Ponta;MWh;Năo se aplica;1244,41;436,71
2026-03-11;RESOLUÇĂO HOMOLOGATÓRIA Nş 3.451, DE 29 DE ABRIL DE 2025;Neoenergia PE;10835932000108;2026-01-01;2026-04-28;Tarifa de Aplicaçăo;A4;Azul;Năo se aplica;Năo se aplica;Năo se aplica;Ponta;MWh;Năo se aplica;94,68;436,71
2026-03-11;RESOLUÇĂO HOMOLOGATÓRIA Nş 3.451, DE 29 DE ABRIL DE 2025;Neoenergia PE;10835932000108;2026-01-01;2026-04-28;Tarifa de Aplicaçăo;A4;Verde;Năo se aplica;Năo se aplica;SCEE;Fora ponta;MWh;Năo se aplica;94,68;29,14
2026-03-11;RESOLUÇĂO HOMOLOGATÓRIA Nş 3.451, DE 29 DE ABRIL DE 2025;Neoenergia PE;10835932000108;2026-01-01;2026-04-28;Tarifa de Aplicaçăo;A4;Azul;Năo se aplica;Năo se aplica;SCEE;Fora ponta;MWh;Năo se aplica;94,68;29,14
2026-03-11;RESOLUÇĂO HOMOLOGATÓRIA Nş 3.451, DE 29 DE ABRIL DE 2025;Neoenergia PE;10835932000108;2026-01-01;2026-04-28;Tarifa de Aplicaçăo;A4;Azul;Năo se aplica;Năo se aplica;SCEE;Ponta;MWh;Năo se aplica;94,68;29,14
2026-03-11;RESOLUÇĂO HOMOLOGATÓRIA Nş 3.451, DE 29 DE ABRIL DE 2025;Neoenergia PE;10835932000108;2026-01-01;2026-04-28;Tarifa de Aplicaçăo;A4;Verde;Năo se aplica;Năo se aplica;SCEE;Ponta;MWh;Năo se aplica;1244,41;29,14
